,EMPLOYEE_ID,FIRST_NAME,LAST_NAME,EMAIL
0,100,Steven,King,SKING
1,101,Neena,Kochhar,NKOCHHAR
2,102,Lex,De Haan,LDEHAAN
3,103,Alexander,Hunold,AHUNOLD
4,104,Bruce,Ernst,BERNST
5,105,David,Austin,DAUSTIN
6,106,Valli,Pataballa,VPATABAL
7,107,Diana,Lorentz,DLORENTZ
8,108,Nancy,Greenberg,NGREENBE
9,109,Daniel,Faviet,DFAVIET
10,110,John,Chen,JCHEN
11,111,Ismael,Sciarra,ISCIARRA
12,112,,Urman,JMURMAN
13,113,Luis,Popp,LPOPP
14,114,Den,Raphaely,DRAPHEAL
15,115,Alexander,Khoo,AKHOO
16,116,Shelli,Baida,SBAIDA
17,117,Sigal,Tobias,STOBIAS
18,118,Guy,Himuro,GHIMURO
19,119,Karen,Colmenares,KCOLMENA
20,120,Matthew,Weiss,MWEISS
21,121,,Fripp,AFRIPP
22,122,Payam,Kaufling,PKAUFLING
23,123,Shanta,Vollman,SVOLLMAN
24,124,Kevin,Mourgos,KMOURGOS
25,125,Julia,Nayer,JNAYER
26,126,Irene,Mikkilineni,IMIKKILI
27,127,James,Landry,JLANDRY
28,128,Steven,Markle,SMARKLE
29,129,Laura,Bissot,LBISSOT
30,130,Mozhe,Atkinson,MATKINSO
31,131,James,Marlow,JAMRLOW
32,132,,Olson,TJOLSON
33,133,Jason,Mallin,JMALLIN
34,134,Michael,Rogers,MROGERS
35,135,Ki,Gee,KGEE
36,136,Hazel,Philtanker,HPHILTAN
37,137,Renske,Ladwig,RLADWIG
38,138,Stephen,Stiles,SSTILES
39,139,John,Seo,JSEO
40,140,Joshua,Patel,JPATEL
